,omn,vanilla,scenario,recourse,season
0,296.83562660065786,298.98110213272,299.4684274876335,299.45818808697425,winter
1,110.50536475784871,109.94766726837894,110.30401818172356,110.31199808357196,winter
2,61.262490676772366,63.217562980877105,63.615491611263764,63.60998100276188,winter
3,140.4589035298665,139.40394982682326,139.2620642307629,139.26142231763356,winter
4,45.88039078169388,41.729602175684064,42.338690067625464,42.329322465245426,spring
5,113.78643236686433,118.33458926253728,117.18145976500904,117.19273651713229,spring
6,9.600531126943965,11.1883735897136,11.745717887306306,11.79781256015349,spring
7,-16.318245761549083,-19.28425931665402,-19.2626885074054,-19.182436422211413,spring
8,37.418359445724384,37.444603675897596,36.93314709714877,36.93227813690359,summer
9,141.75608770770086,142.81207042110037,143.22762821236063,143.22754966245924,summer
10,43.813500105670215,37.970766645950405,36.54987563565768,36.5505616759548,summer
11,8.088661824234212,13.304600762772719,9.761435668430778,9.762133874587153,summer
12,68.40935568086506,76.73235999206912,76.90857238148207,76.91527402981234,autumn
13,9.191212949868708,18.703665848816904,17.776215097203988,17.77637136042309,autumn
14,10.665805381973263,25.280212421837742,21.945497539359348,22.18475995848411,autumn
15,49.1029141365804,48.81088423376058,48.47128576906937,48.469733220834264,autumn
